[
    {
      "id": 1,
      "priority": 1,
      "action": {
        "type": "block"
      },
      "condition": {
        "urlFilter": "*://*.doubleclick.net/*",
        "resourceTypes": ["script", "image", "xmlhttprequest", "media", "sub_frame"]
      }
    },
    {
      "id": 2,
      "priority": 1,
      "action": {
        "type": "block"
      },
      "condition": {
        "urlFilter": "*://*.googlesyndication.com/*",
        "resourceTypes": ["script", "image", "xmlhttprequest", "media", "sub_frame"]
      }
    },
    {
      "id": 3,
      "priority": 1,
      "action": {
        "type": "block"
      },
      "condition": {
        "urlFilter": "*://*.adserver.com/*",
        "resourceTypes": ["script", "image", "xmlhttprequest", "media", "sub_frame"]
      }
    },
    {
      "id": 4,
      "priority": 1,
      "action": {
        "type": "block"
      },
      "condition": {
        "urlFilter": "*://*.tracking.com/*",
        "resourceTypes": ["script", "image", "xmlhttprequest", "media", "sub_frame"]
      }
    },
    {
      "id": 5,
      "priority": 1,
      "action": {
        "type": "block"
      },
      "condition": {
        "urlFilter": "*://*.popads.net/*",
        "resourceTypes": ["script", "image", "xmlhttprequest", "media", "sub_frame"]
      }
    },
    {
      "id": 6,
      "priority": 1,
      "action": {
        "type": "block"
      },
      "condition": {
        "urlFilter": "*://*.adsterra.com/*",
        "resourceTypes": ["script", "image", "xmlhttprequest", "media", "sub_frame"]
      }
    }
  ]
  